InstanceName,HuggingfacePath,Version,Category,Note,Speech,Music,Audio,
L2EnglishProsodic_speechocean762-Ranking,DynamicSuperb/L2EnglishProsodic_speechocean762-Ranking,a0294eb5c868fbc634ca40ac7dee54ffeac11cec,Classification,,TRUE,FALSE,FALSE,
L2EnglishFluency_speechocean762-Ranking,DynamicSuperb/L2EnglishFluency_speechocean762-Ranking,8c88edb31d313581b7a2ce6f349552752f3bb2e3,Classification,,TRUE,FALSE,FALSE,
L2EnglishAccuracy_speechocean762-Ranking,DynamicSuperb/L2EnglishAccuracy_speechocean762-Ranking,b27480351aae310ab3ad3d887322a0e662c14e80,Classification,,TRUE,FALSE,FALSE,
L2EnglishFluency_speechocean762-Scoring,DynamicSuperb/L2EnglishFluency_speechocean762-Scoring,54afc9166f8c0bf128bfadce7d1d1e87d9c506ce,Regression,,TRUE,FALSE,FALSE,
L2EnglishAccuracy_speechocean762-scoring,DynamicSuperb/L2EnglishAccuracy_speechocean762-scoring,0ecb083cac6b7a4045222919a99001956ad784bd,Regression,,TRUE,FALSE,FALSE,
L2EnglishProsodic_speechocean762-Scoring,DynamicSuperb/L2EnglishProsodic_speechocean762-Scoring,de26f7eba1e68796ee0dd0445277d4c1876ebefa,Regression,,TRUE,FALSE,FALSE,
NBestCorrection_LibriSpeech-TestOther,DynamicSuperb/NBestCorrection_Librispeech-TestOther,9a690708e155d53a1b7a4ac20d239c4842a204f0,Classification,No audio input,TRUE,FALSE,FALSE,
SongSeparation_SingSet,DynamicSuperb/SongSeparation_SingSet,a1ff673313e550a457112129985390979c4f10a5,Audio generation,,FALSE,FALSE,FALSE,?
LyricTranslation_SingSet,DynamicSuperb/LyricTranslation_SingSet,cff5200f70d0adb14f5671d85f51d41e1b894eb9,Text generation,,TRUE,FALSE,FALSE,
TargetSpeakerASR_AMItest,DynamicSuperb/TargetSpeaker-ASR_AMItest,1107fc18a7c958614755144f52d14dc5449997f8,Text generation,,TRUE,FALSE,FALSE,
Children_Song_Transcript_Verification_CSD,DynamicSuperb/Children_Song_Transcript_Verification_CSD,64905995d62869f090a893a66597ec373a08c339,Text generation,,TRUE,FALSE,FALSE,
MultiLingualSpeechRecognition_MLS-de,DynamicSuperb/MultiLingualSpeechRecognition_MLS-de,021337e526bf308681ddf65faa3f2a2c87131af9,Text generation,,TRUE,FALSE,FALSE,
MultiLingualSpeechRecognition_MLS-en,DynamicSuperb/MultiLingualSpeechRecognition_MLS-en,dbb12314533c3210aef74585906ee68e34e1ceb4,Text generation,,TRUE,FALSE,FALSE,
MultiLingualSpeechRecognition_MLS-es,DynamicSuperb/MultiLingualSpeechRecognition_MLS-es,a4c9fd01a991aab14c7cc011631dfd59a7a1790a,Text generation,,TRUE,FALSE,FALSE,
MultiLingualSpeechRecognition_MLS-fr,DynamicSuperb/MultiLingualSpeechRecognition_MLS-fr,9bfda0b9287acea523fe3401c284eaa4b76b530e,Text generation,,TRUE,FALSE,FALSE,
MultiLingualSpeechRecognition_MLS-it,DynamicSuperb/MultiLingualSpeechRecognition_MLS-it,a8aaf0ce290af46b9ccfd4852b4dd4164d108764,Text generation,,TRUE,FALSE,FALSE,
MultiLingualSpeechRecognition_MLS-nl,DynamicSuperb/MultiLingualSpeechRecognition_MLS-nl,49ea8d4bc9d582a01d372ba5a178dfb515101c77,Text generation,,TRUE,FALSE,FALSE,
MultiLingualSpeechRecognition_MLS-pl,DynamicSuperb/MultiLingualSpeechRecognition_MLS-pl,90e689ba2ab004e0e2e714b9114905d55646bc56,Text generation,,TRUE,FALSE,FALSE,
MultiLingualSpeechRecognition_MLS-pt,DynamicSuperb/MultiLingualSpeechRecognition_MLS-pt,6f520a76d0e87ea3c7ea9d4aed0720220e9dce71,Text generation,,TRUE,FALSE,FALSE,
SingingVoiceDeepfakeDetection_CtrSVDD_ACEKiSing_M4Singer,DynamicSuperb/SingingVoiceDeepfakeDetection_CtrSVDD_ACEKiSing_M4Singer,4b240fa12d19ef5dc3d6d7f7adfd388f1310c39a,Classification,,TRUE,FALSE,FALSE,
SingingVoiceSynthesis_ACEOpencpop,DynamicSuperb/SingingVoiceSynthesis_ACEOpencpop-Test700,0c79488c60f584ecd5a187ef6569d4e5c639aa5c,Audio generation,No audio input -- Re-format (instruction + score),TRUE,FALSE,FALSE,
SingingAutomaticMOSPrediction_SingMOS,DynamicSuperb/SingingAutomaticMOSPrediction_SingMOS,11a1c63827bd1163208693265f4057c2c7417107,Regression,,TRUE,FALSE,FALSE,
PitchExtractionByLyrics_CSD,DynamicSuperb/PitchExtractionByLyrics_CSD,6c2829446b1029d2e39da3833a5a2f152109cf19,Text generation,,TRUE,FALSE,FALSE,
VocalTechniqueClassification_VocalSet,DynamicSuperb/VocalTechniqueClassification_VocalSet,bb84b8ecadeb80ca27e70e09e053fa465805ee17,Classification,,FALSE,FALSE,FALSE,?
InstrumentSourceClassification_Nsynth,DynamicSuperb/InstrumentSourceClassification_Nsynth,48cd2c67f31a49d8dcc9e8e26de29d550656f96d,Classification,,FALSE,TRUE,FALSE,
PhonologicalFeatureClassification_VoxAngeles-ConsonantPlaceOfArticulation,DynamicSuperb/PhonologicalFeatureClassification_VoxAngeles-ConsonantPlaceOfArticulation,cfca4493f6fdae0cf0e1692a84f64bfad9f8d7b8,Classification,,TRUE,FALSE,FALSE,
PhonologicalFeatureClassification_VoxAngeles-MannerOfArticulation,DynamicSuperb/PhonologicalFeatureClassification_VoxAngeles-MannerOfArticulation,84256fe5fb50862599f0612932348dfff0d77b0f,Classification,,TRUE,FALSE,FALSE,
PhonologicalFeatureClassification_VoxAngeles-Phone,DynamicSuperb/PhonologicalFeatureClassification_VoxAngeles-Phone,56be3e23c7673c6819a89515eadb5a691eac6f2b,Classification,,TRUE,FALSE,FALSE,
PhonologicalFeatureClassification_VoxAngeles-VowelFrontness,DynamicSuperb/PhonologicalFeatureClassification_VoxAngeles-VowelFrontness,33c654f8d66dd55a06f7c31345888200a00591d9,Classification,,TRUE,FALSE,FALSE,
PhonologicalFeatureClassification_VoxAngeles-VowelHeight,DynamicSuperb/PhonologicalFeatureClassification_VoxAngeles-VowelHeight,c2eab10ade7373af7cdcd09070883a38d1a66007,Classification,,TRUE,FALSE,FALSE,
PhonologicalFeatureClassification_VoxAngeles-VowelRoundedness,DynamicSuperb/PhonologicalFeatureClassification_VoxAngeles-VowelRoundedness,30a671a9dae473d8a79b70d81d2571d79a765632,Classification,,TRUE,FALSE,FALSE,
NamedEntityLocalization_SLUE-VoxPopuli,DynamicSuperb/Named_Entity_Localization_SLUE-VoxPopuli,bfa7188e31f37dc57e01acffca9795f4850e5972,Text generation,timestamp,TRUE,FALSE,FALSE,
NamedEntityRecognition_SLUE-VoxPopuli,DynamicSuperb/Named_Entity_Recognition_SLUE-VoxPopuli,db2f833d0de7c1cb40c6e67c80d4ecacdcae3b94,Text generation,,TRUE,FALSE,FALSE,
SentimentAnalysis_SLUE-VoxCeleb,DynamicSuperb/SentimentAnalysis_SLUE-VoxCeleb,d4de503a1d17c115ecd3e036a796e3e21985605b,Classification,,TRUE,FALSE,FALSE,
CodeSwitchingSpeechRecognition_ASCEND,DynamicSuperb/CodeSwitchingSpeechRecognition_ASCEND,bf51b18b6a1a3c9d524eaf40299e93f5e885ee5e,Classification,Counting - which type?,TRUE,FALSE,FALSE,
AudioDeepFakeDetection_LJSpeech_WaveFake_MUSDB18HQ,DynamicSuperb/AudioDeepFakeDetection_LJSpeech_WaveFake_MUSDB18HQ,62f1ea872ed3f3e0e38c17d6948f2a9a12f789c6,Classification,,FALSE,FALSE,FALSE,?
SoundPositionPrediction_binaural-sound-perception,DynamicSuperb/SoundPositionPrediction_Dataset,e48346d2c06bcb3765996109b322f4a6fcae635b35447c712adef4327c0f7e9b,Regression,,FALSE,FALSE,FALSE,?
EmojiGroundedSpeechEmotionRecognition,DynamicSuperb/EmojiGroundedSpeechEmotionRecognition_RAVDESS,f66e159dfcff05f99e52282bb9a87b8a5be24ff0,Classification,,TRUE,FALSE,FALSE,
MusicBeatTracking_ASAP,DynamicSuperb/MusicBeatTracking_ASAP,394cf4c240cb6968712873a961fd3788e3504780,Text generation,,FALSE,TRUE,FALSE,
Brazilian Portuguese (PT-BR) Speech Recognition,DynamicSuperb/PTBRSpeechRecognition_CORAA,a0151805a46b2f1600263e72e2cebaf2db75207c,Text generation,,TRUE,FALSE,FALSE,
African-American Vernacular English (AAVE) Speech Recognition,DynamicSuperb/AAVESpeechRecognition_CORAAL,50efb1aa6ebb9716434559955a788d8bf7aa945e,Text generation,,TRUE,FALSE,FALSE,
Mandarin Third Tone Sandhi Recognition,DynamicSuperb/ThirdToneSandhiRecognition_NCCUCorpusofSpokenTaiwanMandarin,c10c30a6d47f4c3683cd1980f032c1f967803835,Text generation,which type?,TRUE,FALSE,FALSE,
SemanticTextualSimilarity_SpokenSTS,DynamicSuperb/SemanticTextualSimilarity_SpokenSTS,5598bbdc7a3cfc117a54d31b3cc9bcdeb3ec9df5,Classification,,TRUE,FALSE,FALSE,
SentenceGrammarAcceptability_sBLIMP,DynamicSuperb/SentenceGrammarAcceptability_sBLIMP,6fc44589d60fbfb138619367e8f2878dab2f56ab,Classification,,TRUE,FALSE,FALSE,
ProsodyNaturalness_ProsAudit-Lexical,DynamicSuperb/ProsodyNaturalness_ProsAudit-Lexical,3323d67ed936e83dae319d38803a44bda8f74691,Classification,,TRUE,FALSE,FALSE,
ProsodyNaturalness_ProsAudit-Protosyntax,DynamicSuperb/ProsodyNaturalness_ProsAudit-Protosyntax,9971e38958ace242d163957eefc9565de8122814,Classification,,TRUE,FALSE,FALSE,
HeteronymDifferentiation_HeteronymEn,DynamicSuperb/HeteronymDifferentiation_HeteronymEn,eab2ca5965ec90a5cf599074184adc1a6990f57f,Classification,,FALSE,FALSE,FALSE,?
Animal Sound Classification,DynamicSuperb/AnimalClassification_WaveSource-Test,ff142c0514f4f964960f922850c5080f7db6618b,Classification,,FALSE,FALSE,TRUE,
Speech Age Classification,DynamicSuperb/AgeClassification_CommonVoiceCorpus-Test,32bd11b03d544024b71b216e962314bd3c9d5000,Classification,,TRUE,FALSE,FALSE,
EmotionChangeDetection,DynamicSuperb/EmotionChangeDetection_Ravdess,bf9ea169fe5f2a47a2b7c4b1287591ef019eb9d4,Text generation,which type?,FALSE,FALSE,FALSE,?
EnvironmentRecognition_ESC50,DynamicSuperb/EnvironmentRecognition_ESC50,1c84a965845f0322d6958a706f5facc9949f7af9,Classification,,FALSE,FALSE,TRUE,
HumanScreamingDetection,DynamicSuperb/HumanScreamingDetection_Environmentdb,2141324a847490fffc9d19f5ac40768ceea0f05f,Classification,,TRUE,FALSE,FALSE,
BeijingOperaInstrumentClassification,DynamicSuperb/InstrumentClassification_BeijingOperaInstrument,d7279666447659c1adddb495aae0028c38219a32,Classification,,FALSE,FALSE,FALSE,
SongLyricRecognition_SingSet,DynamicSuperb/SongLyricRecognition_SingSet,fa5d91cabe1273461fe78703081720cf04d88236,Text generation,,FALSE,FALSE,FALSE,
HumanNonSpeechSoundRecognition_Nonspeech7k-test_CommonVoice-DeltaSegment-15,DynamicSuperb/HumanNonSpeechSoundRecognition_Nonspeech7k-test_CommonVoice-DeltaSegment-15,a97fd7db0dbfcf0b3fdc15a0ec84dc94c2865232,Classification,,FALSE,FALSE,FALSE,
NonceWordDetection_sWUGGY,DynamicSuperb/NonceWordDetection_sWUGGY,7d01ef315dc05ebd2927f8b3352bb731897b3d45,Classification,,FALSE,FALSE,FALSE,
GenderRecognitionbyVoice-CommonVoice-DeltaSegment-15,DynamicSuperb/GenderRecognitionbyVoice-CommonVoice-DeltaSegment-15,d2e3a581364377bac1204c6d595b52af3717fc8f,Classification,,FALSE,FALSE,FALSE,
StutteringDetection_SEP28k,DynamicSuperb/StutteringDetection_SEP28k,c4f3b138e0908b03cb0d9d1e518382b5b6996a4d,Classification,,FALSE,FALSE,FALSE,
ConversationMatching_EnShortConversation,DynamicSuperb/ConversationMatching_EnShortConversation,21b3085b366bb3ba138c407f91ad0b07c0cbf6ba,Classification,,FALSE,FALSE,FALSE,
Covid19CoughAudioClassification_CoughVid,DynamicSuperb/Covid19CoughAudioClassification_CoughVid,b4e090ad8d91535b1eab0fdbb6feec98a7c8a9d5,Classification,,FALSE,FALSE,FALSE,
PronunciationSimilarity_VoxAngeles,DynamicSuperb/MultilingualPronunciationSimilarity_VoxAngeles,1def97625b169ec56d82ccc995d3ee5a9a6fe95c,Classification,,FALSE,FALSE,FALSE,
EmergencyTrafficDetection,DynamicSuperb/Emergency_traffic_detection_ETD,6789913ea1527f72e699b0750c995bdd2c9a78cf,Classification,,FALSE,FALSE,FALSE,
EmotionalVoiceConversion_ESD,DynamicSuperb/EmotionalVoiceConversion_ESD,87174885497057c2353e48efa39ac2da7848e1ab,Speech generation,,FALSE,FALSE,FALSE,
AudioSpatialDistancePrediction,DynamicSuperb/AudioSpatialDistancePrediction_SpatialLibriSpeech,70b8d5ab0e3a09e4c0c8951869de5fdc69376e47,Regression,,FALSE,FALSE,FALSE,
EmotionClassificaitonInSongs_EMOTIFY,DynamicSuperb/EmotionClassificaitonInSongs_EMOTIFY,d521c495b8648ce91263819f950e82068eae271b,Classification,,FALSE,FALSE,FALSE,
SoundEffectDetection_IDMT-SMT-Audio-Effects,DynamicSuperb/SoundEffectDetection_IDMT-SMT-Audio-Effects,b7e6ca8fe6468803063b5a321eb1664a52c53bcd,Classification,,FALSE,FALSE,FALSE,
DeepFakeVoiceRecognition_DEEP-VOICE,DynamicSuperb/DeepFakeVoiceRecognition_DEEP-VOICE,98c0615ac69481968268550f6a556c099671517a,Classification,,FALSE,FALSE,FALSE,
Cornell Birdcall Identification,DynamicSuperb/CornellBirdcallIdentification,d54ebc4,Classification,,FALSE,FALSE,FALSE,
FraudRobocallRecognition_CallHome,DynamicSuperb/FraudRobocallRecognition_CallHome,3a219bc81a5885d316d073129b8605a3d6ba895d,Classification,,FALSE,FALSE,FALSE,
FraudRobocallRecognition_Promo,DynamicSuperb/FraudRobocallRecognition_Promo,f6f02dc5072eb226178be7dae5f5549205bc77e8,Classification,,FALSE,FALSE,FALSE,
FraudRobocallRecognition_Robocall,DynamicSuperb/FraudRobocallRecognition_Robocall,f740dc767f7f9b607cac72f799bdeddf4663d170,Classification,,FALSE,FALSE,FALSE,
SceneFakeDetection,DynamicSuperb/SceneFakeDetection_SceneFake,c88b0fc,Classification,,FALSE,FALSE,FALSE,
SpokenDigitArithmetic_AudioMNIST,DynamicSuperb/SpokenDigitArithmetic_AudioMNIST,53ac758f4b7b990626134c7d69715a5a20d5a42b,Classification,,FALSE,FALSE,FALSE,
VoiceDisorderClassification_VOICED,DynamicSuperb/VoiceDisorderClassification_VOICED,4f0b63db55d6c3dbfb93cab1069e05c3181c0feb,Classification,,FALSE,FALSE,FALSE,
PoSEstimation_LibriTTS_PoS,DynamicSuperb/PoS_Estimation_LibriTTS_PoS,21ca85ebd66abd02f19bc7bd74bed9a2b3ad12ca,Text generation,,FALSE,FALSE,FALSE,
PoSEstimation_LibriTTS_sentPoS,DynamicSuperb/PoS_Estimation_LibriTTS_PoS_with_transcription,0d2b8c9ad06d9558b257d4936c6d2b9641016301,Text generation,,FALSE,FALSE,FALSE,
CodeSwitchingSemanticGrammarAcceptabilityComparison_CSZS-zh-en,DynamicSuperb/CodeSwitchingSemanticGrammarAcceptabilityComparison_CSZS-zh-en,5d275e1c7725487465fc955ca58219377f3e5886,Classification,,FALSE,FALSE,FALSE,
PhoneSegmentCounting_VoxAngeles,DynamicSuperb/PhoneSegmentCounting_VoxAngeles,aed1f7e5b5bf5efdec0df69cda41f189b17f4658,Regression,,FALSE,FALSE,FALSE,
PhonemeSegmentCounting_Librispeech-words,DynamicSuperb/PhonemeSegmentCounting_Librispeech-words,d1adeb1741fd6f7774ddb6aaf9b8f85a7e634927,Regression,,FALSE,FALSE,FALSE,
AudioEditingIdentification_PeoplesSpeech,DynamicSuperb/AudioEditingIdentification_PeoplesSpeech,1a51d1d32e3391f2b24f6c3504fa23886464d26c,Text generation,,FALSE,FALSE,FALSE,
MultichannelSoundEventUnderstanding_STARSS23,DynamicSuperb/MultichannelSoundEventUnderstanding_STARSS23,5f6f348fe0e1092c33aaadf903fbfc2757937352,Classification,,FALSE,FALSE,FALSE,
AudioDurationPrediction_NTUML2021,DynamicSuperb/AudioDurationPrediction_NTUML2021,def0c06df7cada35286123719714d59ef7901d0f,Regression,,FALSE,FALSE,FALSE,
Code-switchSpeechRecognition_NTUML2021,DynamicSuperb/Code-switchSpeechRecognition_NTUML2021,ac4938db06307f85dadd7728ad2bd62f3b865691,Text generation,,FALSE,FALSE,FALSE,
AudioSegmentRetrieval_Clotho,DynamicSuperb/AudioSegmentRetrieval_Clotho,2a11d25a7fcff1d02ca08cb62fd771bd1ac60a23,Text generation,,FALSE,FALSE,FALSE,
DomesticEnvironmentSoundEventDetection_DESED-PublicEval,DynamicSuperb/DomesticEnvironmentSoundEventDetection_DESED-PublicEval,c72b4ec255c2f695d6b28d13cf4d71f02077069d,Text generation,,FALSE,FALSE,FALSE,
InstrumentCombinationRecognition_OpenMIC-2018,DynamicSuperb/InstrumentCombinationRecognition-OpenMIC-2018,aff0d2b1703f408ab5f2443581759ca1bd5f7d3a,Text generation,,FALSE,FALSE,FALSE,
CatEmotionClassification_CatSoundClassificationDataset-V2,DynamicSuperb/CatEmotionClassification_CatSoundClassificationDataset-V2,0503e51d4dbf03392c29a980e90027560e7d8bd6,Classification,,FALSE,FALSE,FALSE,
InstrumentClassification_Nsynth,DynamicSuperb/InstrumentClassification_Nsynth,31ade17140fb1105e6cd8eaa512ace87aecadf2c,Classification,,FALSE,FALSE,FALSE,
MusicGenreClassification_FMA,DynamicSuperb/MusicGenreClassification_FMA,4fcd3749c0eb9acec9a92546a7a98b828758c270,Classification,,FALSE,FALSE,FALSE,
InstrumentPitchClassification_Nsynth,DynamicSuperb/InstrumentPitchClassification_Nsynth,4c2f225462f08b9f9aab471b65b49acfd14a339e,Classification,,FALSE,FALSE,FALSE,
SpeechCommandRecognition_AudioMNIST,DynamicSuperb/SpeechCommandRecognition_AudioMNIST,c37ecbcd983055ba346f6280dbaca4dfd488bb1b,Text generation,,FALSE,FALSE,FALSE,
VocalSoundRecognition_VocalSound,DynamicSuperb/VocalSoundRecognition_VocalSound,beb7fe456e01f1a9959daae8dd507fa7790f4b62,Classification,,FALSE,FALSE,FALSE,
EnvironmentalSoundClassification_UrbanSound8K-UrbanNoises,DynamicSuperb/EnvironmentalSoundClassification_UrbanSound8K-UrbanNoises,56d42d00040ffddb8bc08524e7397cfa6ae5050e,Classification,,FALSE,FALSE,FALSE,
SuperbER_Iemocap-Session1,DynamicSuperb/SuperbER_Iemocap-Session1,51902c2b0054cf2be903a7b1c7790ee2bb762527,Classification,,FALSE,FALSE,FALSE,
SuperbER_Iemocap-Session2,DynamicSuperb/SuperbER_Iemocap-Session2,82b04d3e64d8bf04add9dd7bbc0c124c08ec2cd2,Classification,,FALSE,FALSE,FALSE,
SuperbER_Iemocap-Session3,DynamicSuperb/SuperbER_Iemocap-Session3,582c7a3c2954120ed07063d70ee139d0e8986780,Classification,,FALSE,FALSE,FALSE,
SuperbER_Iemocap-Session4,DynamicSuperb/SuperbER_Iemocap-Session4,80b969c5cc676759473520a8d14ad9c989c80e74,Classification,,FALSE,FALSE,FALSE,
SuperbER_Iemocap-Session5,DynamicSuperb/SuperbER_Iemocap-Session5,9331b6572e6c097d5162af92be1898d647dd2812,Classification,,FALSE,FALSE,FALSE,
SuperbIC_FluentSpeechCommands-Test,DynamicSuperb/SuperbIC_FluentSpeechCommands-Test,a398562da6bad11b2e691a56fb2f3c6d85cd3cf1,Classification,,FALSE,FALSE,FALSE,
SuperbPR_LibriSpeech-TestClean,DynamicSuperb/SuperbPR_LibriSpeech-TestClean,4d80708241287d29f407f5590d75a66aebbf25c3,Text generation,,FALSE,FALSE,FALSE,
SuperbSF_AudioSnips-Test,DynamicSuperb/SuperbSF_AudioSnips-Test,124997cc789778a4fa9e0c52a3760748028ef606,Text generation,,FALSE,FALSE,FALSE,
SuperbSS_Libri2Mix-Test,DynamicSuperb/SuperbSS_Libri2Mix-Test,32051f08e93a0eed6ee55cde6d632660035ca79a,Speech generation,,FALSE,FALSE,FALSE,
SuperbSD_Libri2Mix-Test,DynamicSuperb/SuperbSD_Libri2Mix-Test,5e466069c04fe341f83734074c2b8031ebcd16a8,Text generation,,FALSE,FALSE,FALSE,
SuperbSV_VoxCeleb1-Test,DynamicSuperb/SuperbSV_VoxCeleb1-Test,497b88ca55c57f40504f009fca2bdc690a07cc44,Classification,"ambiguous naming for ""audio""",FALSE,FALSE,FALSE,
SuperbKS_SpeechCommandsV1-Test,DynamicSuperb/SuperbKS_SpeechCommandsV1-Test,677b181738e0135affe1f9be3a353558b08d6dc3,Classification,,FALSE,FALSE,FALSE,
SuperbSE_VoiceBankDEMAND-Test,DynamicSuperb/SuperbSE_VoiceBankDEMAND-Test,2da05e50a40e92b0a26ceec23b1b185448d5eb3b,Speech generation,,FALSE,FALSE,FALSE,
SuperbASR_LibriSpeech-TestClean,DynamicSuperb/SuperbASR_LibriSpeech-TestClean,1832d234ffe7ee15b513d3f342d0dab87470310b,Text generation,,FALSE,FALSE,FALSE,
SuperbOODAsrAr_CommonVoice7-Test,DynamicSuperb/SuperbOODAsrAr_CommonVoice7-Test,a5087fca1c1441f99eb094c8b1a59181b8108611,Text generation,,FALSE,FALSE,FALSE,
SuperbOODAsrEs_CommonVoice7-Test,DynamicSuperb/SuperbOODAsrEs_CommonVoice7-Test,5eb2ab302936739e96d1b24a4e566f286035d3f9,Text generation,,FALSE,FALSE,FALSE,
SuperbOODAsrSpon_SBCSAE-Test,DynamicSuperb/SuperbOODAsrSpon_SBCSAE-Test,7c6b26c0c79f20bfb3835dd5d1e46c3506e6faf9,Text generation,,FALSE,FALSE,FALSE,
SuperbOODAsrZh_CommonVoice7-Test,DynamicSuperb/SuperbOODAsrZh_CommonVoice7-Test,4d11c16ba9dad3669119f8746db77722edc3b5a9,Text generation,,FALSE,FALSE,FALSE,
SuperbST_CoVoST2-Test,DynamicSuperb/SuperbST_CoVoST2-Test,c4d7ba2a894cf64ba719751ac99e72d0a631b9f0,Text generation,,FALSE,FALSE,FALSE,
SuperbQbE_Quesst14-Eval,DynamicSuperb/SuperbQbE_Quesst14-Eval,ffb436fdd141bedc89a513f0d1a530193e40db75,Classification,"ambiguous naming for key ""audio""",FALSE,FALSE,FALSE,
HEARMusicTranscription_MAESTRO-5hr-Fold1,DynamicSuperb/HEARMusicTranscription_MAESTRO-5hr-Fold1,ee4cfbb7dbfffd0d2319bed12c2e60b868e36f68,Text generation,,FALSE,FALSE,FALSE,
HEARMusicTranscription_MAESTRO-5hr-Fold2,DynamicSuperb/HEARMusicTranscription_MAESTRO-5hr-Fold2,82d690eb4d02da506cbb77d20726ce076a1cf047,Text generation,,FALSE,FALSE,FALSE,
HEARMusicTranscription_MAESTRO-5hr-Fold3,DynamicSuperb/HEARMusicTranscription_MAESTRO-5hr-Fold3,b10934b54665fe1e36861674afa9697b1270bfa4,Text generation,,FALSE,FALSE,FALSE,
HEARMusicTranscription_MAESTRO-5hr-Fold4,DynamicSuperb/HEARMusicTranscription_MAESTRO-5hr-Fold4,6a86005628996f26c77daf1ef0121a4acc60ae11,Text generation,,FALSE,FALSE,FALSE,
HEARMusicTranscription_MAESTRO-5hr-Fold5,DynamicSuperb/HEARMusicTranscription_MAESTRO-5hr-Fold5,9548818cd043a6acb893d1f75b6b1d72aa89b4df,Text generation,,FALSE,FALSE,FALSE,
HEARPercussionInstrumentsClassification_BeijingOperaPercussion-Fold1,DynamicSuperb/HEARPercussionInstrumentsClassification_BeijingOperaPercussion-Fold1,5d609b31db9f38d69ac8fac33eb106e7c452daed,Classification,,FALSE,FALSE,FALSE,
HEARPercussionInstrumentsClassification_BeijingOperaPercussion-Fold2,DynamicSuperb/HEARPercussionInstrumentsClassification_BeijingOperaPercussion-Fold2,ca126a195980aa7baa28434ea927ad526e688de9,Classification,,FALSE,FALSE,FALSE,
HEARPercussionInstrumentsClassification_BeijingOperaPercussion-Fold3,DynamicSuperb/HEARPercussionInstrumentsClassification_BeijingOperaPercussion-Fold3,5817afd196b1f197eef9bf853cd022ec211fbfc5,Classification,,FALSE,FALSE,FALSE,
HEARPercussionInstrumentsClassification_BeijingOperaPercussion-Fold4,DynamicSuperb/HEARPercussionInstrumentsClassification_BeijingOperaPercussion-Fold4,7c37d8d1732a3ac3de4297c56251e7cb2f70436e,Classification,,FALSE,FALSE,FALSE,
HEARPercussionInstrumentsClassification_BeijingOperaPercussion-Fold5,DynamicSuperb/HEARPercussionInstrumentsClassification_BeijingOperaPercussion-Fold5,b529b08405fec94a957b516f2c83aa54b079439f,Classification,,FALSE,FALSE,FALSE,
HEARPercussionInstrumentsStrokeClassification_MridangamStroke-Fold1,DynamicSuperb/HEARPercussionInstrumentsStrokeClassification_MridangamStroke-Fold1,a2efb794cc128f7bb69cbc13b304067f0521250f,Classification,,FALSE,FALSE,FALSE,
HEARPercussionInstrumentsStrokeClassification_MridangamStroke-Fold2,DynamicSuperb/HEARPercussionInstrumentsStrokeClassification_MridangamStroke-Fold2,63ef21c30ba8dc7d398e26258894ff8ac2e0af48,Classification,,FALSE,FALSE,FALSE,
HEARPercussionInstrumentsStrokeClassification_MridangamStroke-Fold3,DynamicSuperb/HEARPercussionInstrumentsStrokeClassification_MridangamStroke-Fold3,d146d3d0149058d53b42b8ffa808cef872159756,Classification,,FALSE,FALSE,FALSE,
HEARPercussionInstrumentsStrokeClassification_MridangamStroke-Fold4,DynamicSuperb/HEARPercussionInstrumentsStrokeClassification_MridangamStroke-Fold4,37bf1f05dbf5b680acb30e183bedeaa93c27a623,Classification,,FALSE,FALSE,FALSE,
HEARPercussionInstrumentsStrokeClassification_MridangamStroke-Fold5,DynamicSuperb/HEARPercussionInstrumentsStrokeClassification_MridangamStroke-Fold5,cd947c9fbb629853935c688eeb641baf23c6eaaf,Classification,,FALSE,FALSE,FALSE,
HEARPercussionInstrumentsTonicClassification_MridangamTonic-Fold1,DynamicSuperb/HEARPercussionInstrumentsTonicClassification_MridangamTonic-Fold1,84870edb89f8ab56dfe52b8bc6bc9eb3f1bdfb37,Classification,,FALSE,FALSE,FALSE,
HEARPercussionInstrumentsTonicClassification_MridangamTonic-Fold2,DynamicSuperb/HEARPercussionInstrumentsTonicClassification_MridangamTonic-Fold2,0b9475204c08121f726064f82841179bad952f7d,Classification,,FALSE,FALSE,FALSE,
HEARPercussionInstrumentsTonicClassification_MridangamTonic-Fold3,DynamicSuperb/HEARPercussionInstrumentsTonicClassification_MridangamTonic-Fold3,cb266e6a881ace0b4866b9da5f9baa4689b89dac,Classification,,FALSE,FALSE,FALSE,
HEARPercussionInstrumentsTonicClassification_MridangamTonic-Fold4,DynamicSuperb/HEARPercussionInstrumentsTonicClassification_MridangamTonic-Fold4,2a981ab46a9237d70b7abcdb5cfc40700b9a4b64,Classification,,FALSE,FALSE,FALSE,
HEARPercussionInstrumentsTonicClassification_MridangamTonic-Fold5,DynamicSuperb/HEARPercussionInstrumentsTonicClassification_MridangamTonic-Fold5,003b20b759425f2ce3d0525f78d9e667e431a854,Classification,,FALSE,FALSE,FALSE,
HEARMusicGenreClassification_GTZANGenre-Fold1,DynamicSuperb/HEARMusicGenreClassification_GTZANGenre-Fold1,08603679261759c36a723e1e8dd5011af9d600b9,Text generation,provide no available options -- generation? classification?,FALSE,FALSE,FALSE,
HEARMusicGenreClassification_GTZANGenre-Fold10,DynamicSuperb/HEARMusicGenreClassification_GTZANGenre-Fold10,5efec739f0647a92906ddb496f82a0e9dc27701d,Text generation,,FALSE,FALSE,FALSE,
HEARMusicGenreClassification_GTZANGenre-Fold2,DynamicSuperb/HEARMusicGenreClassification_GTZANGenre-Fold2,275c7cfcf6806ca7625bf856d54c253bd832b0fd,Text generation,,FALSE,FALSE,FALSE,
HEARMusicGenreClassification_GTZANGenre-Fold3,DynamicSuperb/HEARMusicGenreClassification_GTZANGenre-Fold3,ab6bfc426cd0ef666df0de440a50b1cd63c74663,Text generation,,FALSE,FALSE,FALSE,
HEARMusicGenreClassification_GTZANGenre-Fold4,DynamicSuperb/HEARMusicGenreClassification_GTZANGenre-Fold4,c2ae97ea2fb6bfc9f62a6db945b87cd02d100fa0,Text generation,,FALSE,FALSE,FALSE,
HEARMusicGenreClassification_GTZANGenre-Fold5,DynamicSuperb/HEARMusicGenreClassification_GTZANGenre-Fold5,7bfe5976f6ccd4c577537eed4628c9609bf1f9b0,Text generation,,FALSE,FALSE,FALSE,
HEARMusicGenreClassification_GTZANGenre-Fold6,DynamicSuperb/HEARMusicGenreClassification_GTZANGenre-Fold6,539784b99e585f1a2965e15ec4b3f9f9d9dab888,Text generation,,FALSE,FALSE,FALSE,
HEARMusicGenreClassification_GTZANGenre-Fold7,DynamicSuperb/HEARMusicGenreClassification_GTZANGenre-Fold7,94d3f4db0494eb1054c579be06d5a0c58cf19888,Text generation,,FALSE,FALSE,FALSE,
HEARMusicGenreClassification_GTZANGenre-Fold8,DynamicSuperb/HEARMusicGenreClassification_GTZANGenre-Fold8,3a0af10663a302f68aa17711290ac92f2be3e8a7,Text generation,,FALSE,FALSE,FALSE,
HEARMusicGenreClassification_GTZANGenre-Fold9,DynamicSuperb/HEARMusicGenreClassification_GTZANGenre-Fold9,578ed565b008f70995d9c14b3e62ca754d2550c7,Text generation,,FALSE,FALSE,FALSE,
HEARMusicSpeechClassification_GTZANMusicSpeech-Fold1,DynamicSuperb/HEARMusicSpeechClassification_GTZANMusicSpeech-Fold1,de1259186709c2e9072d3f5b728566e02c0e7811,Classification,,FALSE,FALSE,FALSE,
HEARMusicSpeechClassification_GTZANMusicSpeech-Fold10,DynamicSuperb/HEARMusicSpeechClassification_GTZANMusicSpeech-Fold10,7bdb51317cbedfabafa91fe93437e3aaf637da4e,Classification,,FALSE,FALSE,FALSE,
HEARMusicSpeechClassification_GTZANMusicSpeech-Fold2,DynamicSuperb/HEARMusicSpeechClassification_GTZANMusicSpeech-Fold2,6ee20deb25924b7472f8909b0f716875ae8d1b2d,Classification,,FALSE,FALSE,FALSE,
HEARMusicSpeechClassification_GTZANMusicSpeech-Fold3,DynamicSuperb/HEARMusicSpeechClassification_GTZANMusicSpeech-Fold3,ed765e7e2420011817bee80b243fb2388867ae66,Classification,,FALSE,FALSE,FALSE,
HEARMusicSpeechClassification_GTZANMusicSpeech-Fold4,DynamicSuperb/HEARMusicSpeechClassification_GTZANMusicSpeech-Fold4,08034473d251c8046fe9a621431eb761ac9ffcfe,Classification,,FALSE,FALSE,FALSE,
HEARMusicSpeechClassification_GTZANMusicSpeech-Fold5,DynamicSuperb/HEARMusicSpeechClassification_GTZANMusicSpeech-Fold5,f6ad0c5fbca0c3fd1f6f0afda373d775d5342ac8,Classification,,FALSE,FALSE,FALSE,
HEARMusicSpeechClassification_GTZANMusicSpeech-Fold6,DynamicSuperb/HEARMusicSpeechClassification_GTZANMusicSpeech-Fold6,b815800214fd9ec9ab9d93d1eabeb78c9c148397,Classification,,FALSE,FALSE,FALSE,
HEARMusicSpeechClassification_GTZANMusicSpeech-Fold7,DynamicSuperb/HEARMusicSpeechClassification_GTZANMusicSpeech-Fold7,87021ab5edabbed83ef23af3ae7480d192ec5307,Classification,,FALSE,FALSE,FALSE,
HEARMusicSpeechClassification_GTZANMusicSpeech-Fold8,DynamicSuperb/HEARMusicSpeechClassification_GTZANMusicSpeech-Fold8,e0677f9b1e25e9ddd4cecd23c482283fd8e035d0,Classification,,FALSE,FALSE,FALSE,
HEARMusicSpeechClassification_GTZANMusicSpeech-Fold9,DynamicSuperb/HEARMusicSpeechClassification_GTZANMusicSpeech-Fold9,50d67f5c027d02d76d0ab62f69f54f586f31513c,Classification,,FALSE,FALSE,FALSE,
HEARSoundEventDetection_DCASE2016Task2,DynamicSuperb/HEARSoundEventDetection_DCASE2016Task2,b84eddb9d21ea44e391c225f5b0bbd234d03503b,Text generation,,FALSE,FALSE,FALSE,
HEARVocalImitationClassification_VocalImitations-Fold1,DynamicSuperb/HEARVocalImitationClassification_VocalImitations-Fold1,aad402d6505616234711ff28f2858a3f6396073c,Classification,,FALSE,FALSE,FALSE,
HEARVocalImitationClassification_VocalImitations-Fold2,DynamicSuperb/HEARVocalImitationClassification_VocalImitations-Fold2,1623317889cb34b6b95d80e36e87522704203479,Classification,,FALSE,FALSE,FALSE,
HEARVocalImitationClassification_VocalImitations-Fold3,DynamicSuperb/HEARVocalImitationClassification_VocalImitations-Fold3,e8280df40e22e74893601c7101ed355d327c5d81,Classification,,FALSE,FALSE,FALSE,
HEARBeehiveStatesClassification_BeehiveStates,DynamicSuperb/HEARBeehiveStatesClassification_BeehiveStates,045505ce1035cd324b004c202ee477bd363a4faa,Classification,,FALSE,FALSE,FALSE,
HEAREnvironmentalSoundClassification_ESC50-Fold1,DynamicSuperb/HEAREnvironmentalSoundClassification_ESC50-Fold1,bec8ca814cf04df27a3626ee74e2f63d071c2c1c,Text generation,"wrong instance name, provide no available options",FALSE,FALSE,FALSE,
HEAREnvironmentalSoundClassification_ESC50-Fold2,DynamicSuperb/HEAREnvironmentalSoundClassification_ESC50-Fold2,6196bb94b8d8ccf3432155818332671168b53545,Text generation,"wrong instance name, provide no available options",FALSE,FALSE,FALSE,
HEAREnvironmentalSoundClassification_ESC50-Fold3,DynamicSuperb/HEAREnvironmentalSoundClassification_ESC50-Fold3,74c6d18ec7fb5d746c4a693bd32daa67ffaeac6c,Text generation,"wrong instance name, provide no available options",FALSE,FALSE,FALSE,
HEAREnvironmentalSoundClassification_ESC50-Fold4,DynamicSuperb/HEAREnvironmentalSoundClassification_ESC50-Fold4,c2132bb5cac8145eeef71906cb24f846c83bfd9b,Text generation,"wrong instance name, provide no available options",FALSE,FALSE,FALSE,
HEAREnvironmentalSoundClassification_ESC50-Fold5,DynamicSuperb/HEAREnvironmentalSoundClassification_ESC50-Fold5,8edcab2c719d0f20c88f81b1425a3908c9392772,Text generation,"wrong instance name, provide no available options",FALSE,FALSE,FALSE,
HEAREmotionRecognition_CREMAD-Fold1,DynamicSuperb/HEAREmotionRecognition_CREMAD-Fold1,b66135f18a4fcc65e9bc46ff931754aec445197c,Classification,,FALSE,FALSE,FALSE,
HEAREmotionRecognition_CREMAD-Fold2,DynamicSuperb/HEAREmotionRecognition_CREMAD-Fold2,0391f0918e3946087ef8d08cc1db33ddb29b8cc6,Classification,,FALSE,FALSE,FALSE,
HEAREmotionRecognition_CREMAD-Fold3,DynamicSuperb/HEAREmotionRecognition_CREMAD-Fold3,35bdd3d62289478ee7211688aff165d2be04ef14,Classification,,FALSE,FALSE,FALSE,
HEAREmotionRecognition_CREMAD-Fold4,DynamicSuperb/HEAREmotionRecognition_CREMAD-Fold4,c01ac6eef6c73502bb99f51dc0089dc7823170ad,Classification,,FALSE,FALSE,FALSE,
HEAREmotionRecognition_CREMAD-Fold5,DynamicSuperb/HEAREmotionRecognition_CREMAD-Fold5,0f1f918c95cb247e9f8cb411cf178a7d983887f9,Classification,,FALSE,FALSE,FALSE,
HEARLanguageIdentification_VoxLingua107Top10-Fold1,DynamicSuperb/HEARLanguageIdentification_VoxLingua107Top10-Fold1,9fe76ffb88d74de222291d5212e71061247e7c8e,Text generation,provide no available options,FALSE,FALSE,FALSE,
HEARLanguageIdentification_VoxLingua107Top10-Fold2,DynamicSuperb/HEARLanguageIdentification_VoxLingua107Top10-Fold2,5737049e0d3162ed974ed4c6411ee3e575556718,Text generation,provide no available options,FALSE,FALSE,FALSE,
HEARLanguageIdentification_VoxLingua107Top10-Fold3,DynamicSuperb/HEARLanguageIdentification_VoxLingua107Top10-Fold3,5737049e0d3162ed974ed4c6411ee3e575556718,Text generation,provide no available options,FALSE,FALSE,FALSE,
HEARLanguageIdentification_VoxLingua107Top10-Fold4,DynamicSuperb/HEARLanguageIdentification_VoxLingua107Top10-Fold4,6dadbd3a28b8f1ed2a38cf4e2a5f0323d434f0f3,Text generation,provide no available options,FALSE,FALSE,FALSE,
HEARLanguageIdentification_VoxLingua107Top10-Fold5,DynamicSuperb/HEARLanguageIdentification_VoxLingua107Top10-Fold5,ce9a3f57e86e9e64419ad9bf245868903e16dc3a,Text generation,provide no available options,FALSE,FALSE,FALSE,
HEARSpeakerCountIdentification_LibriCount-Fold1,DynamicSuperb/HEARSpeakerCountIdentification_LibriCount-Fold1,f4efe0646b5415919e316fbd3635b6354d6e1b1e,Text generation,Naming mixed up with SpeakerVerification in PR,FALSE,FALSE,FALSE,
HEARSpeakerCountIdentification_LibriCount-Fold2,DynamicSuperb/HEARSpeakerCountIdentification_LibriCount-Fold2,3b1bf01c906fb8ed607e1efe1c253312868abff9,Text generation,Naming mixed up with SpeakerVerification in PR,FALSE,FALSE,FALSE,
HEARSpeakerCountIdentification_LibriCount-Fold3,DynamicSuperb/HEARSpeakerCountIdentification_LibriCount-Fold3,43745dc7bbc7dca16ac327682cf697b7fbb35663,Text generation,Naming mixed up with SpeakerVerification in PR,FALSE,FALSE,FALSE,
HEARSpeakerCountIdentification_LibriCount-Fold4,DynamicSuperb/HEARSpeakerCountIdentification_LibriCount-Fold4,93b85b4b0b1b1f01fd8ed1508bfb4f866faacc40,Text generation,Naming mixed up with SpeakerVerification in PR,FALSE,FALSE,FALSE,
HEARSpeakerCountIdentification_LibriCount-Fold5,DynamicSuperb/HEARSpeakerCountIdentification_LibriCount-Fold5,f4efe0646b5415919e316fbd3635b6354d6e1b1e,Text generation,Naming mixed up with SpeakerVerification in PR,FALSE,FALSE,FALSE,
HEARSpokenCommandsClassification_SpeechCommands-5hr,DynamicSuperb/HEARSpokenCommandsClassification_SpeechCommands-5hr,fd7ed162b876659b72a7400ed1c247353ed812d8,Classification,,FALSE,FALSE,FALSE,
MARBLEKeyDetection_Giantstepskey,DynamicSuperb/MARBLEKeyDetection_Giantstepskey,,Classification,,FALSE,FALSE,FALSE,
MARBLEMusicTagging_MTGTop50-Fold1,DynamicSuperb/MARBLEMusicTagging_MTGTop50-Fold1,,Text generation,,FALSE,FALSE,FALSE,
MARBLEMusicTagging_MTGTop50-Fold2,DynamicSuperb/MARBLEMusicTagging_MTGTop50-Fold2,,Text generation,,FALSE,FALSE,FALSE,
MARBLEMusicTagging_MTGTop50-Fold3,DynamicSuperb/MARBLEMusicTagging_MTGTop50-Fold3,,Text generation,,FALSE,FALSE,FALSE,
MARBLEMusicTagging_MTGTop50-Fold4,DynamicSuperb/MARBLEMusicTagging_MTGTop50-Fold4,,Text generation,,FALSE,FALSE,FALSE,
MARBLEMusicTagging_MTGTop50-Fold5,DynamicSuperb/MARBLEMusicTagging_MTGTop50-Fold5,,Text generation,,FALSE,FALSE,FALSE,
MARBLEMusicTagging_MagnaTagATune,DynamicSuperb/MARBLEMusicTagging_MagnaTagATune,,Text generation,,FALSE,FALSE,FALSE,
MARBLEGenreClassification_MTG-Genre-Fold1,DynamicSuperb/MARBLEGenreClassification_MTG-Genre-Fold1,,Text generation,,FALSE,FALSE,FALSE,
MARBLEGenreClassification_MTG-Genre-Fold2,DynamicSuperb/MARBLEGenreClassification_MTG-Genre-Fold2,,Text generation,,FALSE,FALSE,FALSE,
MARBLEGenreClassification_MTG-Genre-Fold3,DynamicSuperb/MARBLEGenreClassification_MTG-Genre-Fold3,,Text generation,,FALSE,FALSE,FALSE,
MARBLEGenreClassification_MTG-Genre-Fold4,DynamicSuperb/MARBLEGenreClassification_MTG-Genre-Fold4,,Text generation,,FALSE,FALSE,FALSE,
MARBLEGenreClassification_MTG-Genre-Fold5,DynamicSuperb/MARBLEGenreClassification_MTG-Genre-Fold5,,Text generation,,FALSE,FALSE,FALSE,
MARBLEGenreClassification_GTZAN,DynamicSuperb/MARBLEGenreClassification_GTZAN,,Text generation,,FALSE,FALSE,FALSE,
MARBLEEmotionDetection_MTGMoodTheme-Fold1,DynamicSuperb/MARBLEEmotionDetection_MTGMoodTheme-Fold1,,Text generation,,FALSE,FALSE,FALSE,
MARBLEEmotionDetection_MTGMoodTheme-Fold2,DynamicSuperb/MARBLEEmotionDetection_MTGMoodTheme-Fold2,,Text generation,,FALSE,FALSE,FALSE,
MARBLEEmotionDetection_MTGMoodTheme-Fold3,DynamicSuperb/MARBLEEmotionDetection_MTGMoodTheme-Fold3,,Text generation,,FALSE,FALSE,FALSE,
MARBLEEmotionDetection_MTGMoodTheme-Fold4,DynamicSuperb/MARBLEEmotionDetection_MTGMoodTheme-Fold4,,Text generation,,FALSE,FALSE,FALSE,
MARBLEEmotionDetection_MTGMoodTheme-Fold5,DynamicSuperb/MARBLEEmotionDetection_MTGMoodTheme-Fold5,,Text generation,,FALSE,FALSE,FALSE,
MARBLEBeatTracking_GTZAN-Rhythm,DynamicSuperb/MARBLEBeatTracking_GTZAN-Rhythm,,Text generation,,FALSE,FALSE,FALSE,
MARBLEVocalTechniqueDetection_VocalSet,DynamicSuperb/MARBLEVocalTechniqueDetection_VocalSet,,Classification,,FALSE,FALSE,FALSE,
MARBLEInstrumentClassification_MTGInstrument-Fold1,DynamicSuperb/MARBLEInstrumentClassification_MTGInstrument-Fold1,,Text generation,,FALSE,FALSE,FALSE,
MARBLEInstrumentClassification_MTGInstrument-Fold2,DynamicSuperb/MARBLEInstrumentClassification_MTGInstrument-Fold2,,Text generation,,FALSE,FALSE,FALSE,
MARBLEInstrumentClassification_MTGInstrument-Fold3,DynamicSuperb/MARBLEInstrumentClassification_MTGInstrument-Fold3,,Text generation,,FALSE,FALSE,FALSE,
MARBLEInstrumentClassification_MTGInstrument-Fold4,DynamicSuperb/MARBLEInstrumentClassification_MTGInstrument-Fold4,,Text generation,,FALSE,FALSE,FALSE,
MARBLEInstrumentClassification_MTGInstrument-Fold5,DynamicSuperb/MARBLEInstrumentClassification_MTGInstrument-Fold5,,Text generation,,FALSE,FALSE,FALSE,
SpeakerCounting_LibriTTS-TestClean,DynamicSuperb/SpeakerCounting_LibriTTS-TestClean,,Classification,,FALSE,FALSE,FALSE,
DialogueActPairing_DailyTalk,DynamicSuperb/DialogueActPairing_DailyTalk,,Classification,,FALSE,FALSE,FALSE,
IntentClassification_FluentSpeechCommands-Action,DynamicSuperb/IntentClassification_FluentSpeechCommands-Action,,Classification,,FALSE,FALSE,FALSE,
IntentClassification_FluentSpeechCommands-Location,DynamicSuperb/IntentClassification_FluentSpeechCommands-Location,,Classification,,FALSE,FALSE,FALSE,
IntentClassification_FluentSpeechCommands-Object,DynamicSuperb/IntentClassification_FluentSpeechCommands-Object,,Classification,,FALSE,FALSE,FALSE,
SpokenTermDetection_LJSpeech,DynamicSuperb/SpokenTermDetection_LJSpeech,,Classification,,FALSE,FALSE,FALSE,
SpokenTermDetection_LibriSpeech-TestOther,DynamicSuperb/SpokenTermDetection_LibriSpeech-TestOther,,Classification,,FALSE,FALSE,FALSE,
SpokenTermDetection_LibriSpeech-TestClean,DynamicSuperb/SpokenTermDetection_LibriSpeech-TestClean,,Classification,,FALSE,FALSE,FALSE,
MultiSpeakerDetection_LibriSpeech-TestClean,DynamicSuperb/MultiSpeakerDetection_LibriSpeech-TestClean,,Classification,,FALSE,FALSE,FALSE,
MultiSpeakerDetection_VCTK,DynamicSuperb/MultiSpeakerDetection_VCTK,,Classification,,FALSE,FALSE,FALSE,
SpeechTextMatching_LJSpeech,DynamicSuperb/SpeechTextMatching_LJSpeech,,Classification,,FALSE,FALSE,FALSE,
SpeechTextMatching_LibriSpeech-TestClean,DynamicSuperb/SpeechTextMatching_LibriSpeech-TestClean,,Classification,,FALSE,FALSE,FALSE,
SpeechTextMatching_LibriSpeech-TestOther,DynamicSuperb/SpeechTextMatching_LibriSpeech-TestOther,,Classification,,FALSE,FALSE,FALSE,
ChordClassification_AcousticGuitarAndPiano,DynamicSuperb/ChordClassification_AcousticGuitarAndPiano,,Classification,,FALSE,FALSE,FALSE,
SpeechCommandRecognition_GoogleSpeechCommandsV1,DynamicSuperb/SpeechCommandRecognition_GoogleSpeechCommandsV1,,Classification,,FALSE,FALSE,FALSE,
EmotionRecognition_MultimodalEmotionlinesDataset,DynamicSuperb/EmotionRecognition_MultimodalEmotionlinesDataset,,Classification,,FALSE,FALSE,FALSE,
ReverberationDetection_LJSpeech_RirsNoises-MediumRoom,DynamicSuperb/ReverberationDetection_LJSpeech_RirsNoises-MediumRoom,,Classification,,FALSE,FALSE,FALSE,
ReverberationDetection_VCTK_RirsNoises-SmallRoom,DynamicSuperb/ReverberationDetection_VCTK_RirsNoises-SmallRoom,,Classification,,FALSE,FALSE,FALSE,
ReverberationDetection_LJSpeech_RirsNoises-SmallRoom,DynamicSuperb/ReverberationDetection_LJSpeech_RirsNoises-SmallRoom,,Classification,,FALSE,FALSE,FALSE,
ReverberationDetection_VCTK_RirsNoises-MediumRoom,DynamicSuperb/ReverberationDetection_VCTK_RirsNoises-MediumRoom,,Classification,,FALSE,FALSE,FALSE,
ReverberationDetection_VCTK_RirsNoises-LargeRoom,DynamicSuperb/ReverberationDetection_VCTK_RirsNoises-LargeRoom,,Classification,,FALSE,FALSE,FALSE,
ReverberationDetection_LJSpeech_RirsNoises-LargeRoom,DynamicSuperb/ReverberationDetection_LJSpeech_RirsNoises-LargeRoom,,Classification,,FALSE,FALSE,FALSE,
SpeechDetection_LJSpeech,DynamicSuperb/SpeechDetection_LJSpeech,,Classification,,FALSE,FALSE,FALSE,
SpeechDetection_LibriSpeech-TestOther,DynamicSuperb/SpeechDetection_LibriSpeech-TestOther,,Classification,,FALSE,FALSE,FALSE,
SpeechDetection_LibriSpeech-TestClean,DynamicSuperb/SpeechDetection_LibriSpeech-TestClean,,Classification,,FALSE,FALSE,FALSE,
DialogueEmotionClassification_DailyTalk,DynamicSuperb/DialogueEmotionClassification_DailyTalk,,Classification,,FALSE,FALSE,FALSE,
NoiseSNRLevelPrediction_VCTK_MUSAN-Music,DynamicSuperb/NoiseSNRLevelPrediction_VCTK_MUSAN-Music,,Classification,,FALSE,FALSE,FALSE,
NoiseSNRLevelPrediction_VCTK_MUSAN-Speech,DynamicSuperb/NoiseSNRLevelPrediction_VCTK_MUSAN-Speech,,Classification,,FALSE,FALSE,FALSE,
NoiseSNRLevelPrediction_VCTK_MUSAN-Gaussian,DynamicSuperb/NoiseSNRLevelPrediction_VCTK_MUSAN-Gaussian,,Classification,,FALSE,FALSE,FALSE,
NoiseSNRLevelPrediction_VCTK_MUSAN-Noise,DynamicSuperb/NoiseSNRLevelPrediction_VCTK_MUSAN-Noise,,Classification,,FALSE,FALSE,FALSE,
SpeakerVerification_LibriSpeech-TestClean,DynamicSuperb/SpeakerVerification_LibriSpeech-TestClean,,Classification,,FALSE,FALSE,FALSE,
SpeakerVerification_VCTK,DynamicSuperb/SpeakerVerification_VCTK,,Classification,,FALSE,FALSE,FALSE,
EnvironmentalSoundClassification_ESC50-NaturalSoundscapesAndWaterSounds,DynamicSuperb/EnvironmentalSoundClassification_ESC50-NaturalSoundscapesAndWaterSounds,,Classification,,FALSE,FALSE,FALSE,
EnvironmentalSoundClassification_ESC50-Animals,DynamicSuperb/EnvironmentalSoundClassification_ESC50-Animals,,Classification,,FALSE,FALSE,FALSE,
EnvironmentalSoundClassification_ESC50-ExteriorAndUrbanNoises,DynamicSuperb/EnvironmentalSoundClassification_ESC50-ExteriorAndUrbanNoises,,Classification,,FALSE,FALSE,FALSE,
EnvironmentalSoundClassification_ESC50-HumanAndNonSpeechSounds,DynamicSuperb/EnvironmentalSoundClassification_ESC50-HumanAndNonSpeechSounds,,Classification,,FALSE,FALSE,FALSE,
EnvironmentalSoundClassification_ESC50-InteriorAndDomesticSounds,DynamicSuperb/EnvironmentalSoundClassification_ESC50-InteriorAndDomesticSounds,,Classification,,FALSE,FALSE,FALSE,
AccentClassification_AccentdbExtended,DynamicSuperb/AccentClassification_AccentdbExtended,,Classification,,FALSE,FALSE,FALSE,
SpoofDetection_ASVspoof2015,DynamicSuperb/SpoofDetection_ASVspoof2015,,Classification,,FALSE,FALSE,FALSE,
SpoofDetection_ASVspoof2017,DynamicSuperb/SpoofDetection_ASVspoof2017,,Classification,,FALSE,FALSE,FALSE,
SarcasmDetection_Mustard,DynamicSuperb/SarcasmDetection_Mustard,,Classification,,FALSE,FALSE,FALSE,
HowFarAreYou_3DSpeaker,DynamicSuperb/HowFarAreYou_3DSpeaker,,Classification,,FALSE,FALSE,FALSE,
LanguageIdentification_VoxForge,DynamicSuperb/LanguageIdentification_VoxForge,,Classification,,FALSE,FALSE,FALSE,
DialogueActClassification_DailyTalk,DynamicSuperb/DialogueActClassification_DailyTalk,,Classification,,FALSE,FALSE,FALSE,
StressDetection_MIRSD,DynamicSuperb/StressDetection_MIRSD,,Classification,,FALSE,FALSE,FALSE,
BirdSoundDetection_Warblrb10k,DynamicSuperb/BirdSoundDetection_Warblrb10k,,Classification,,FALSE,FALSE,FALSE,
EnhancementDetection_LibriTTS-TestClean_WHAM,DynamicSuperb/EnhancementDetection_LibriTTS-TestClean_WHAM,,Classification,,FALSE,FALSE,FALSE,
NoiseDetection_LJSpeech_MUSAN-Speech,DynamicSuperb/NoiseDetection_LJSpeech_MUSAN-Speech,,Classification,,FALSE,FALSE,FALSE,
NoiseDetection_LJSpeech_MUSAN-Music,DynamicSuperb/NoiseDetection_LJSpeech_MUSAN-Music,,Classification,,FALSE,FALSE,FALSE,
NoiseDetection_VCTK-MUSAN-Gaussian,DynamicSuperb/NoiseDetection_VCTK-MUSAN-Gaussian,,Classification,,FALSE,FALSE,FALSE,
NoiseDetection_VCTK_MUSAN-Speech,DynamicSuperb/NoiseDetection_VCTK_MUSAN-Speech,,Classification,,FALSE,FALSE,FALSE,
NoiseDetection_VCTK_MUSAN-Music,DynamicSuperb/NoiseDetection_VCTK_MUSAN-Music,,Classification,,FALSE,FALSE,FALSE,
NoiseDetection_LJSpeech_MUSAN-Gaussian,DynamicSuperb/NoiseDetection_LJSpeech_MUSAN-Gaussian,,Classification,,FALSE,FALSE,FALSE,
NoiseDetection_VCTK_MUSAN-Noise,DynamicSuperb/NoiseDetection_VCTK_MUSAN-Noise,,Classification,,FALSE,FALSE,FALSE,
NoiseDetection_LJSpeech_MUSAN-Noise,DynamicSuperb/NoiseDetection_LJSpeech_MUSAN-Noise,,Classification,,FALSE,FALSE,FALSE,
